{"cameraMode":{"drawMode":0,"name":"Shaded","section":"Shading Mode"},"sceneLighting":true,"audioPlay":false,"sceneViewState":{"showFog":true,"showMaterialUpdate":false,"showSkybox":true,"showFlares":true,"showImageEffects":true,"showParticleSystems":true},"in2DMode":false,"pivot":{"x":1.6897681951522828,"y":-1.9482269287109376,"z":2.2903690338134767},"rotation":{"x":0.29231107234954836,"y":0.08648538589477539,"z":-0.026552869006991388,"w":0.9520344138145447},"size":24.2510986328125,"orthographic":false}